A,Team,C1,C2,C3,C4,C5,C6,C7,C8,C9,C10,C11
Luka Dončić,DAL,70,2624,0.487,2370,647,686,99,38,11,282,149
Shai Gilgeous-Alexander,OKC,75,2553,0.535,2254,415,465,150,67,15,162,184
Giannis Antetokounmpo,MIL,73,2567,0.611,2222,841,476,87,79,13,250,210
Jalen Brunson,NYK,77,2726,0.479,2212,278,519,70,13,14,186,144
Nikola Jokić,DEN,79,2737,0.583,2085,976,708,108,68,14,237,194
Anthony Edwards,MIN,79,2770,0.461,2049,430,405,101,42,13,241,141
Kevin Durant,PHO,75,2791,0.523,2032,495,378,69,91,0,244,133
Jayson Tatum,BOS,74,2645,0.471,1987,601,364,75,43,15,188,145
De'Aaron Fox,SAC,74,2659,0.465,1966,340,418,150,31,7,194,193
Stephen Curry,GSW,74,2421,0.45,1956,330,379,54,28,6,210,117
DeMar DeRozan,CHI,79,2989,0.48,1897,340,421,90,45,7,135,161
Anthony Davis,LAL,76,2700,0.556,1876,961,266,91,178,8,159,177
Devin Booker,PHO,68,2447,0.492,1841,308,472,61,28,0,178,206
LeBron James,LAL,71,2504,0.54,1822,518,589,89,38,8,245,78
Tyrese Maxey,PHI,70,2626,0.45,1816,258,433,69,33,9,116,151
Paolo Banchero,ORL,80,2799,0.455,1804,554,431,71,47,11,247,153
Damian Lillard,MIL,73,2579,0.424,1775,320,508,72,18,13,193,134
Dejounte Murray,ATL,78,2783,0.459,1753,416,502,111,24,6,201,138
Pascal Siakam,2TM,80,2657,0.536,1737,565,342,63,25,0,141,193
Pascal Siakam,TOR,39,1354,0.522,865,246,190,32,10,4,83,87
Pascal Siakam,IND,41,1303,0.549,872,319,152,31,15,10,58,106
Paul George,LAC,74,2502,0.471,1671,388,262,113,37,12,153,202
Kawhi Leonard,LAC,68,2330,0.525,1613,416,244,111,59,12,119,97
Jaylen Brown,BOS,70,2343,0.499,1610,387,249,83,37,15,166,185
Jalen Green,HOU,82,2601,0.423,1610,423,291,66,28,5,191,115
Mikal Bridges,BRK,82,2854,0.436,1606,372,299,81,30,0,164,116
Zion Williamson,NOP,70,2207,0.57,1601,406,352,77,47,9,193,159
Domantas Sabonis,SAC,82,2928,0.594,1593,1120,673,74,48,7,272,250
Kyle Kuzma,WAS,70,2281,0.463,1553,464,296,37,49,2,192,153
Victor Wembanyama,SAS,71,2106,0.465,1522,755,274,88,254,2,260,153
Coby White,CHI,79,2881,0.447,1509,358,405,53,18,7,166,186
Kyrie Irving,DAL,58,2030,0.497,1487,290,299,74,28,11,106,112
Jaren Jackson Jr.,MEM,66,2124,0.444,1486,365,154,80,106,3,160,235
Cam Thomas,BRK,66,2075,0.442,1482,214,192,45,16,0,124,138
Donovan Mitchell,CLE,55,1942,0.462,1463,280,333,101,30,12,154,118
Collin Sexton,UTA,78,2075,0.487,1458,205,383,62,18,4,165,154
Miles Bridges,CHO,69,2581,0.462,1449,505,231,65,33,0,138,118
Franz Wagner,ORL,72,2337,0.482,1421,381,269,76,28,11,137,168
Cade Cunningham,DET,62,2074,0.449,1405,268,464,56,22,1,212,153
Tyrese Haliburton,IND,69,2224,0.477,1389,271,752,83,48,10,159,75
Trae Young,ATL,54,1942,0.43,1389,149,583,72,11,6,235,109
Klay Thompson,GSW,77,2284,0.432,1375,254,176,50,35,6,117,127
Nikola Vučević,CHI,76,2610,0.484,1370,801,254,50,60,7,120,190
D'Angelo Russell,LAL,76,2484,0.456,1369,236,482,69,36,8,156,156
Bam Adebayo,MIA,71,2416,0.521,1367,737,278,81,66,8,162,159
Chet Holmgren,OKC,82,2413,0.53,1357,648,200,53,190,15,131,197
Jordan Poole,WAS,78,2346,0.413,1356,212,343,86,25,2,188,244
Michael Porter Jr.,DEN,81,2565,0.484,1356,565,122,42,53,14,92,148
Jalen Williams,OKC,71,2223,0.54,1355,282,322,80,45,15,123,175
Joel Embiid,PHI,39,1309,0.529,1353,430,219,46,66,9,150,112
Karl-Anthony Towns,MIN,62,2026,0.504,1349,515,189,43,41,13,177,204
Bogdan Bogdanović,ATL,79,2401,0.428,1333,272,247,96,26,6,112,179
Brandon Ingram,NOP,64,2103,0.492,1332,324,363,50,40,9,163,145
Alperen Şengün,HOU,63,2046,0.537,1331,589,312,76,46,5,162,211
Devin Vassell,SAS,68,2248,0.472,1323,261,277,73,23,2,108,74
CJ McCollum,NOP,66,2159,0.459,1322,286,305,62,41,9,110,126
Myles Turner,IND,77,2076,0.524,1313,533,100,39,144,10,109,232
Austin Reaves,LAL,82,2629,0.486,1300,352,450,66,25,8,174,153
Brandon Miller,CHO,74,2383,0.44,1279,315,175,66,42,0,132,184
Lauri Markkanen,UTA,55,1820,0.48,1278,449,110,50,26,4,77,100
Jarrett Allen,CLE,77,2442,0.634,1271,811,210,53,81,12,121,147
Fred VanVleet,HOU,73,2684,0.416,1270,278,589,101,59,5,126,183
Donte DiVincenzo,NYK,81,2360,0.443,1259,297,216,107,36,14,113,166
Jamal Murray,DEN,59,1861,0.481,1250,242,384,57,39,14,125,104
Jimmy Butler,MIA,60,2042,0.499,1246,318,298,79,17,8,102,68
Terry Rozier,2TM,61,2040,0.443,1205,247,342,63,21,0,106,101
Terry Rozier,CHO,30,1065,0.459,696,117,198,32,12,0,65,52
Terry Rozier,MIA,31,975,0.423,509,130,144,31,9,8,41,49
Tobias Harris,PHI,70,2368,0.487,1204,453,217,70,46,9,93,115
James Harden,LAC,72,2470,0.428,1192,369,614,77,57,12,185,127
Scottie Barnes,TOR,60,2094,0.475,1191,494,363,75,88,4,165,118
Jonathan Kuminga,GSW,74,1949,0.529,1188,355,163,55,36,6,122,169
Jaden Ivey,DET,77,2217,0.429,1185,264,296,57,41,1,190,204
Keegan Murray,SAC,77,2588,0.454,1172,420,129,79,59,7,64,205
RJ Barrett,2TM,58,1838,0.495,1170,315,193,31,22,0,126,129
RJ Barrett,NYK,26,766,0.423,474,111,63,12,9,14,47,45
RJ Barrett,TOR,32,1072,0.553,696,204,130,19,13,4,79,84
Immanuel Quickley,2TM,68,1985,0.434,1156,259,331,50,10,0,101,119
Immanuel Quickley,NYK,30,720,0.454,450,77,74,16,3,14,31,44
Immanuel Quickley,TOR,38,1265,0.422,706,182,257,34,7,4,70,75
Kristaps Porziņģis,BOS,57,1690,0.516,1145,409,115,42,111,15,89,156
Tim Hardaway Jr.,DAL,79,2120,0.402,1139,254,139,42,6,11,69,106
Jerami Grant,POR,54,1830,0.451,1132,191,152,45,34,1,116,117
Bobby Portis,MIL,82,2008,0.508,1130,607,104,68,34,13,91,189
Dennis Schröder,2TM,80,2486,0.435,1122,242,488,63,17,0,153,164
Dennis Schröder,TOR,51,1559,0.442,698,140,313,46,8,4,83,105
Dennis Schröder,BRK,29,927,0.424,424,102,175,17,9,0,70,59
Malik Monk,SAC,72,1872,0.443,1110,212,370,45,39,7,150,156
Derrick White,BOS,73,2381,0.461,1107,310,377,74,87,15,112,152
Deni Avdija,WAS,75,2257,0.506,1102,540,286,60,36,2,160,185
Julius Randle,NYK,46,1630,0.472,1102,423,229,25,12,14,159,125
Naz Reid,MIN,81,1964,0.477,1090,423,106,63,73,13,111,172
Keldon Johnson,SAS,69,2038,0.454,1084,377,195,51,20,2,100,149
Corey Kispert,WAS,80,2067,0.486,1070,225,156,41,16,2,98,141
Rudy Gobert,MIN,76,2593,0.661,1061,982,102,52,162,13,118,238
Norman Powell,LAC,76,1990,0.486,1056,195,82,43,22,12,66,137
Kelly Oubre Jr.,PHI,68,2055,0.441,1049,341,101,77,47,9,87,194
Jabari Smith Jr.,HOU,76,2424,0.454,1044,616,121,52,61,5,89,200
Anfernee Simons,POR,46,1582,0.43,1039,167,255,23,5,1,126,98
Darius Garland,CLE,57,1901,0.446,1028,152,373,74,7,12,176,95
John Collins,UTA,68,1901,0.532,1027,575,77,40,61,4,98,191
Grayson Allen,PHO,75,2513,0.499,1014,295,227,69,45,0,95,157
Aaron Gordon,DEN,73,2297,0.556,1013,471,259,56,45,14,105,142
Buddy Hield,2TM,84,2160,0.436,1013,269,236,70,42,0,103,169
Buddy Hield,IND,52,1336,0.443,623,167,139,43,31,10,62,103
Buddy Hield,PHI,32,824,0.426,390,102,97,27,11,9,41,66
Jonas Valančiūnas,NOP,82,1925,0.559,1002,721,173,32,68,9,111,218
Harrison Barnes,SAC,82,2381,0.474,1000,249,99,54,12,7,58,98
Desmond Bane,MEM,42,1443,0.464,997,185,230,43,22,3,112,120
Brook Lopez,MIL,79,2411,0.485,990,409,127,43,189,13,79,191
Josh Giddey,OKC,80,2011,0.475,986,514,386,51,44,15,168,111
Keyonte George,UTA,75,2023,0.391,974,211,332,36,7,4,188,91
Gary Trent Jr.,TOR,71,1994,0.426,974,188,119,77,10,4,47,96
Bradley Beal,PHO,53,1767,0.513,964,232,265,52,27,0,131,127
Caris LeVert,CLE,68,1958,0.421,952,280,346,76,34,12,117,121
Jalen Suggs,ORL,75,2025,0.471,943,229,205,106,47,11,132,205
Jordan Clarkson,UTA,55,1682,0.413,942,188,277,35,6,4,146,81
Andrew Wiggins,GSW,71,1920,0.453,939,321,119,42,41,6,87,147
P.J. Washington,2TM,73,2221,0.436,939,411,141,72,59,0,96,169
P.J. Washington,CHO,44,1286,0.446,600,232,97,38,32,0,66,112
P.J. Washington,DAL,29,935,0.421,339,179,44,34,27,11,30,57
Cole Anthony,ORL,81,1817,0.435,937,311,236,64,37,11,126,175
Ayo Dosunmu,CHI,76,2212,0.501,924,216,242,68,36,7,103,166
Rui Hachimura,LAL,68,1826,0.537,923,294,81,41,25,8,46,101
Deandre Ayton,POR,55,1784,0.57,920,609,90,56,42,1,99,109
Dillon Brooks,HOU,72,2227,0.428,915,246,119,64,10,5,88,241
Jalen Johnson,ATL,56,1889,0.511,896,488,203,67,47,6,101,133
De'Andre Hunter,ATL,57,1681,0.459,891,222,87,40,16,6,83,146
Malik Beasley,MIL,79,2337,0.443,889,290,108,59,9,13,54,158
Jaime Jaquez Jr.,MIA,75,2113,0.489,889,285,195,77,20,8,110,167
Aaron Nesmith,IND,72,1995,0.496,877,275,108,65,49,10,64,241
Tyler Herro,MIA,42,1407,0.441,875,222,188,30,3,8,93,63
Duncan Robinson,MIA,68,1905,0.45,875,173,192,46,16,8,95,163
Mike Conley,MIN,76,2193,0.457,869,218,449,88,17,13,102,128
Scoot Henderson,POR,62,1765,0.385,868,194,336,48,13,1,212,195
Moritz Wagner,ORL,80,1415,0.601,868,347,96,39,21,11,97,160
Bojan Bogdanović,2TM,57,1478,0.454,868,152,97,30,5,0,101,95
Bojan Bogdanović,DET,28,921,0.468,565,94,71,23,4,1,63,57
Bojan Bogdanović,NYK,29,557,0.43,303,58,26,7,1,14,38,38
Saddiq Bey,ATL,63,2062,0.416,863,411,92,51,11,6,54,88
Jeremy Sochan,SAS,74,2193,0.438,861,476,249,62,40,2,140,168
Luguentz Dort,OKC,79,2246,0.438,860,284,113,72,47,15,74,228
Jrue Holiday,BOS,69,2263,0.48,860,373,333,61,53,15,124,108
Bennedict Mathurin,IND,59,1538,0.446,856,234,119,35,14,10,97,117
Max Strus,CLE,70,2239,0.418,853,338,283,64,29,12,112,170
Obi Toppin,IND,82,1730,0.573,843,320,128,47,43,10,69,143
Trey Murphy III,NOP,57,1690,0.443,842,280,124,51,28,9,34,70
Nic Claxton,BRK,71,2116,0.629,841,706,147,46,146,0,93,175
Jalen Duren,DET,61,1777,0.619,841,709,147,33,47,1,129,192
Herbert Jones,NOP,76,2321,0.498,837,272,199,105,62,9,93,224
Clint Capela,ATL,73,1883,0.571,836,776,91,43,106,6,74,164
Reggie Jackson,DEN,82,1817,0.431,833,155,308,44,13,14,106,149
Jusuf Nurkić,PHO,76,2078,0.51,829,837,301,81,80,0,175,254
Khris Middleton,MIL,55,1487,0.493,828,257,292,51,15,13,127,141
Daniel Gafford,2TM,74,1815,0.725,814,562,115,65,153,0,74,227
Daniel Gafford,WAS,45,1192,0.69,490,361,69,44,97,2,46,147
Daniel Gafford,DAL,29,623,0.78,324,201,46,21,56,11,28,80
Spencer Dinwiddie,2TM,76,2152,0.392,795,205,356,51,22,0,91,138
Spencer Dinwiddie,BRK,48,1474,0.391,604,158,288,38,9,0,62,86
Spencer Dinwiddie,LAL,28,678,0.397,191,47,68,13,13,8,29,52
Ivica Zubac,LAC,68,1794,0.649,794,626,93,22,83,12,79,180
Tyus Jones,WAS,66,1933,0.489,790,179,485,71,18,2,66,48
Payton Pritchard,BOS,82,1825,0.468,787,265,281,39,6,15,61,106
Evan Mobley,CLE,50,1532,0.58,785,468,160,45,72,12,90,134
Grant Williams,2TM,76,2130,0.456,784,318,174,44,39,0,109,226
Grant Williams,DAL,47,1242,0.413,382,169,81,24,27,11,53,137
Grant Williams,CHO,29,888,0.503,402,149,93,20,12,0,56,89
Zach Collins,SAS,69,1526,0.484,776,370,194,34,52,2,132,206
Cameron Johnson,BRK,58,1599,0.446,776,251,138,49,15,0,57,105
Tre Jones,SAS,77,2138,0.505,771,289,478,78,9,2,116,92
Georges Niang,CLE,82,1831,0.449,768,278,98,30,18,12,72,192
Kentavious Caldwell-Pope,DEN,76,2402,0.46,766,183,183,98,42,14,75,151
Kelly Olynyk,2TM,78,1759,0.555,762,411,347,74,30,0,152,230
Kelly Olynyk,UTA,50,1019,0.562,406,254,219,37,12,4,81,132
Kelly Olynyk,TOR,28,740,0.548,356,157,128,37,18,4,71,98
Josh Hart,NYK,81,2707,0.434,761,675,331,75,23,14,118,171
Jaden McDaniels,MIN,72,2105,0.489,757,224,101,63,42,13,87,219
Russell Westbrook,LAC,68,1529,0.454,754,343,306,74,23,12,144,121
Eric Gordon,PHO,68,1893,0.443,749,122,139,66,30,0,73,79
OG Anunoby,2TM,50,1702,0.489,733,208,107,68,36,0,81,119
OG Anunoby,TOR,27,900,0.489,408,106,72,28,13,4,43,62
OG Anunoby,NYK,23,802,0.488,325,102,35,40,23,14,38,57
T.J. McConnell,IND,71,1291,0.556,727,191,390,72,8,10,108,79
Bruce Brown,2TM,67,1866,0.478,726,284,192,59,17,0,86,148
Bruce Brown,IND,33,981,0.475,398,154,100,35,8,10,41,81
Bruce Brown,TOR,34,885,0.481,328,130,92,24,9,4,45,67
Alex Caruso,CHI,71,2040,0.468,715,273,247,120,70,7,102,181
Sam Hauser,BOS,79,1741,0.446,712,276,82,40,25,15,32,99
GG Jackson II,MEM,48,1233,0.428,699,196,59,28,24,3,65,64
Taurean Prince,LAL,78,2108,0.442,697,230,119,58,35,8,73,146
Simone Fontecchio,2TM,66,1644,0.46,692,246,101,44,23,0,68,110
Simone Fontecchio,UTA,50,1160,0.45,445,176,73,30,18,4,51,81
Simone Fontecchio,DET,16,484,0.479,247,70,28,14,5,1,17,29
Malaki Branham,SAS,75,1594,0.432,690,148,156,27,8,2,91,94
Alec Burks,2TM,66,1212,0.369,689,150,88,28,12,0,48,75
Alec Burks,DET,43,901,0.394,540,110,68,21,11,1,32,64
Alec Burks,NYK,23,311,0.307,149,40,20,7,1,14,16,11
Brandin Podziemski,GSW,74,1968,0.454,682,427,273,61,14,6,88,122
Andre Drummond,CHI,79,1351,0.556,663,708,37,73,48,7,81,140
Terance Mann,LAC,75,1873,0.515,658,254,119,43,15,12,48,145
Derrick Jones Jr.,DAL,76,1783,0.483,657,250,75,53,51,11,65,121
Nickeil Alexander-Walker,MIN,82,1921,0.439,655,167,204,64,42,13,76,143
Kevin Huerter,SAC,64,1562,0.443,655,224,166,45,23,7,53,135
Santi Aldama,MEM,61,1618,0.435,654,352,138,43,54,3,69,89
Nick Richards,CHO,67,1759,0.691,652,539,54,26,74,0,73,176
Isaac Okoro,CLE,69,1887,0.49,647,206,132,57,34,12,54,140
Caleb Martin,MIA,64,1756,0.431,640,281,143,47,29,8,77,126
Jabari Walker,POR,72,1700,0.46,638,508,71,42,22,1,66,173
Isaiah Joe,OKC,78,1445,0.458,636,180,99,46,22,15,47,87
Andrew Nembhard,IND,68,1697,0.498,626,141,280,63,6,10,101,143
Duop Reath,POR,68,1214,0.461,617,250,67,33,38,1,52,161
Malcolm Brogdon,POR,39,1121,0.44,613,148,214,27,8,1,60,58
Royce O'Neale,2TM,79,1954,0.397,608,377,219,59,44,0,73,174
Royce O'Neale,BRK,49,1202,0.388,364,221,137,32,29,0,51,120
Royce O'Neale,PHO,30,752,0.411,244,156,82,27,15,0,22,54
Wendell Carter Jr.,ORL,55,1406,0.525,603,381,95,35,28,11,68,121
Jalen Smith,IND,61,1047,0.592,601,337,63,17,38,10,44,124
Christian Braun,DEN,82,1655,0.46,600,306,132,42,35,14,55,137
Paul Reed,PHI,82,1590,0.54,600,488,109,67,84,9,67,198
Amen Thompson,HOU,62,1388,0.536,592,409,163,78,38,5,90,141
Marcus Sasser,DET,71,1351,0.428,586,125,236,44,12,1,90,103
Marvin Bagley III,2TM,50,1053,0.586,583,312,55,20,33,0,59,81
Marvin Bagley III,DET,26,478,0.591,265,118,27,5,14,1,29,40
Marvin Bagley III,WAS,24,575,0.581,318,194,28,15,19,2,30,41
Isaiah Hartenstein,NYK,75,1896,0.644,582,626,188,87,85,14,93,210
Dorian Finney-Smith,BRK,68,1934,0.421,580,317,107,56,38,0,59,150
Cam Whitmore,HOU,47,880,0.454,579,180,33,30,17,5,46,64
Cameron Payne,2TM,78,1304,0.432,578,117,205,42,11,0,66,126
Cameron Payne,MIL,47,702,0.455,291,62,109,22,3,13,31,73
Cameron Payne,PHI,31,602,0.413,287,55,96,20,8,9,35,53
Lonnie Walker IV,BRK,58,1011,0.423,565,127,74,32,20,0,51,71
Precious Achiuwa,2TM,74,1624,0.501,565,487,97,46,68,0,83,143
Precious Achiuwa,TOR,25,437,0.459,193,136,44,16,12,4,29,40
Precious Achiuwa,NYK,49,1187,0.525,372,351,53,30,56,14,54,103
Al Horford,BOS,65,1740,0.511,562,413,168,38,62,15,48,93
Miles McBride,NYK,68,1328,0.452,562,100,114,50,7,14,30,108
Onyeka Okongwu,ATL,55,1405,0.611,561,376,74,26,60,6,45,162
Cason Wallace,OKC,82,1692,0.491,561,187,120,76,37,15,45,129
Dalano Banton,2TM,54,1047,0.404,557,178,127,33,20,0,77,64
Dalano Banton,BOS,24,171,0.373,56,35,19,5,3,15,10,20
Dalano Banton,POR,30,876,0.408,501,143,108,28,17,1,67,44
Ausar Thompson,DET,63,1583,0.483,556,402,120,68,59,1,84,175
Jakob Poeltl,TOR,50,1319,0.656,555,429,127,35,76,4,77,149
Aaron Wiggins,OKC,78,1228,0.562,542,186,86,56,19,15,56,91
Trayce Jackson-Davis,GSW,68,1130,0.702,540,341,82,29,76,6,49,108
Moses Moody,GSW,66,1156,0.462,533,196,57,42,24,6,44,90
Chris Paul,GSW,58,1531,0.441,533,225,393,70,6,6,76,108
Bilal Coulibaly,WAS,63,1715,0.435,532,256,110,57,48,2,87,137
Peyton Watson,DEN,80,1488,0.465,532,258,86,42,88,14,58,143
Jaden Hardy,DAL,73,989,0.407,530,131,109,22,4,11,62,80
Toumani Camara,POR,70,1739,0.45,527,343,87,66,33,1,84,174
LaMelo Ball,CHO,22,711,0.433,526,113,176,40,4,0,83,79
Jordan Hawkins,NOP,67,1160,0.382,524,148,70,19,7,9,40,72
Vince Williams Jr.,MEM,52,1436,0.446,521,290,175,47,34,3,92,135
Walker Kessler,UTA,64,1493,0.654,518,481,60,30,154,4,66,132
Talen Horton-Tucker,UTA,51,1009,0.396,516,121,177,45,19,4,65,94
Dario Šarić,GSW,64,1098,0.466,515,283,144,31,10,6,78,112
Aaron Holiday,HOU,78,1269,0.446,514,123,140,42,6,5,53,125
Gradey Dick,TOR,60,1268,0.425,510,132,68,34,2,4,50,87
Shaedon Sharpe,POR,32,1059,0.406,510,160,94,28,12,1,72,88
Jeff Green,HOU,78,1307,0.456,509,178,70,16,31,5,46,100
Kyle Anderson,MIN,79,1782,0.46,506,273,331,71,47,13,91,128
Julian Champagnie,SAS,74,1468,0.408,504,206,103,48,42,2,57,77
Isaiah Stewart,DET,46,1423,0.487,503,305,73,17,38,1,66,99
Gordon Hayward,2TM,51,1245,0.464,500,181,158,40,13,0,66,67
Gordon Hayward,CHO,25,798,0.468,362,117,116,28,12,0,51,46
Gordon Hayward,OKC,26,447,0.453,138,64,42,12,1,15,15,21
Cedi Osman,SAS,72,1269,0.479,489,180,119,36,11,2,47,107
Zach LaVine,CHI,25,872,0.452,487,129,98,21,8,7,52,57
Kyle Lowry,2TM,60,1690,0.432,487,194,253,59,21,0,85,146
Kyle Lowry,MIA,37,1037,0.426,303,129,147,39,15,8,53,94
Kyle Lowry,PHI,23,653,0.444,184,65,106,20,6,9,32,52
Kevin Love,MIA,55,924,0.44,485,338,115,18,10,8,48,97
Sam Merrill,CLE,61,1069,0.402,485,120,108,19,4,12,19,72
Dereck Lively II,DAL,55,1294,0.747,483,378,60,36,77,11,50,144
Draymond Green,GSW,55,1490,0.497,475,398,332,55,47,6,135,166
Josh Green,DAL,57,1505,0.479,469,184,130,47,9,11,60,107
Naji Marshall,NOP,66,1257,0.463,466,240,128,49,12,9,65,91
Amir Coffey,LAC,70,1460,0.472,463,148,76,41,14,12,33,102
Ochai Agbaji,2TM,78,1641,0.411,455,216,83,47,44,0,64,117
Ochai Agbaji,UTA,51,1003,0.426,274,126,47,27,29,4,34,66
Ochai Agbaji,TOR,27,638,0.391,181,90,36,20,15,4,30,51
Patrick Beverley,2TM,73,1462,0.417,451,239,212,43,31,0,65,128
Patrick Beverley,PHI,47,919,0.432,294,145,144,24,18,9,49,83
Patrick Beverley,MIL,26,543,0.391,157,94,68,19,13,13,16,45
James Wiseman,DET,63,1091,0.613,446,336,54,12,39,1,66,141
Trendon Watford,BRK,63,856,0.527,432,194,81,23,19,0,63,106
Luke Kennard,MEM,39,999,0.448,429,113,136,20,2,3,54,39
Patrick Williams,CHI,43,1174,0.443,429,166,66,40,33,7,57,87
Pat Connaughton,MIL,76,1676,0.435,428,239,161,40,19,13,49,99
Dante Exum,DAL,55,1088,0.533,428,149,157,22,5,11,49,85
Josh Richardson,MIA,43,1103,0.444,425,121,105,24,14,8,36,76
David Roddy,2TM,65,1177,0.403,425,211,80,27,11,0,57,72
David Roddy,MEM,48,1114,0.402,403,200,76,25,11,3,54,68
David Roddy,PHO,17,63,0.435,22,11,4,2,0,0,3,4
Vasilije Micić,2TM,60,1176,0.43,422,88,262,31,7,0,99,68
Vasilije Micić,OKC,30,361,0.407,99,24,76,9,3,15,29,22
Vasilije Micić,CHO,30,815,0.437,323,64,186,22,4,0,70,46
De'Anthony Melton,PHI,38,1023,0.386,421,141,114,60,16,9,39,84
Ziaire Williams,MEM,51,1038,0.397,420,180,75,36,9,3,66,85
Trey Lyles,SAC,58,1158,0.445,419,257,72,17,19,7,38,86
Day'Ron Sharpe,BRK,61,921,0.571,415,389,85,24,44,0,70,131
Haywood Highsmith,MIA,66,1366,0.465,405,210,70,53,30,8,34,117
Jose Alvarado,NOP,56,1028,0.412,397,128,117,59,15,9,40,89
Jonathan Isaac,ORL,58,914,0.51,393,260,30,43,70,11,27,64
Isaiah Jackson,IND,59,771,0.665,383,238,50,34,61,10,39,137
Tre Mann,2TM,41,987,0.459,382,149,165,51,3,0,65,48
Tre Mann,OKC,13,119,0.5,49,24,20,3,0,15,9,3
Tre Mann,CHO,28,868,0.453,333,125,145,48,3,0,56,45
Malachi Flynn,3TM,69,876,0.418,380,114,130,38,8,0,63,66
Malachi Flynn,TOR,31,474,0.409,157,65,73,18,6,4,33,42
Malachi Flynn,NYK,14,60,0.391,31,6,6,1,0,14,3,3
Malachi Flynn,DET,24,342,0.43,192,43,51,19,2,1,27,21
Drew Eubanks,PHO,75,1169,0.601,379,322,63,27,61,0,61,115
Jake LaRavia,MEM,35,806,0.389,379,128,58,29,12,3,45,69
Davion Mitchell,SAC,72,1101,0.452,379,95,134,17,3,7,43,85
Kris Murray,POR,62,1348,0.396,376,224,80,53,21,1,55,92
Daniel Theis,2TM,60,1015,0.532,376,244,61,21,51,0,42,127
Daniel Theis,IND,1,8,0.25,2,0,0,0,0,10,0,1
Daniel Theis,LAC,59,1007,0.536,374,244,61,21,51,12,42,126
Gary Harris,ORL,54,1297,0.441,372,91,87,49,14,11,31,91
Dennis Smith Jr.,BRK,56,1059,0.435,369,164,203,68,12,0,68,121
Jordan Goodwin,2TM,57,1055,0.369,368,253,155,48,18,0,56,76
Jordan Goodwin,PHO,40,558,0.389,198,117,78,23,9,0,29,43
Jordan Goodwin,MEM,17,497,0.349,170,136,77,25,9,3,27,33
Jordan Nwora,2TM,52,712,0.462,364,149,62,26,13,0,53,48
Jordan Nwora,IND,18,183,0.451,94,33,18,6,1,10,12,19
Jordan Nwora,TOR,34,529,0.465,270,116,44,20,12,4,41,29
Quentin Grimes,2TM,51,1025,0.372,359,100,66,35,7,0,28,75
Quentin Grimes,NYK,45,910,0.395,327,88,52,30,3,14,21,66
Quentin Grimes,DET,6,115,0.214,32,12,14,5,4,1,7,9
Jevon Carter,CHI,72,1004,0.378,357,60,94,37,16,7,36,71
Kris Dunn,UTA,66,1249,0.47,357,189,254,68,28,4,79,135
Dyson Daniels,NOP,61,1358,0.447,354,236,164,85,25,9,59,101
Matisse Thybulle,POR,65,1487,0.397,354,136,90,113,49,1,40,93
Nikola Jović,MIA,46,896,0.452,352,192,90,25,14,8,42,82
Doug McDermott,2TM,64,904,0.433,351,59,70,16,2,0,28,64
Doug McDermott,SAS,46,700,0.442,276,48,57,11,2,2,24,48
Doug McDermott,IND,18,204,0.406,75,11,13,5,0,10,4,16
Larry Nance Jr.,NOP,61,1216,0.573,350,307,113,61,19,9,49,98
Christian Wood,LAL,50,872,0.466,347,254,49,16,33,8,50,72
Markelle Fultz,ORL,43,910,0.472,335,138,120,42,15,11,50,65
Luke Kornet,BOS,63,983,0.7,334,261,67,23,61,15,21,77
Kevon Looney,GSW,74,1195,0.597,334,419,133,28,29,6,50,155
Chimezie Metu,2TM,51,859,0.504,332,194,46,43,16,0,52,71
Chimezie Metu,PHO,37,448,0.508,185,110,19,19,9,0,27,39
Chimezie Metu,DET,14,411,0.5,147,84,27,24,7,1,25,32
Landry Shamet,WAS,46,726,0.431,327,62,54,25,10,2,30,76
Garrison Mathews,ATL,66,992,0.456,325,92,37,20,8,6,19,115
Kenrich Williams,OKC,69,1029,0.468,325,209,93,38,9,15,32,101
Chris Boucher,TOR,50,705,0.507,322,207,23,14,24,4,28,68
Nicolas Batum,2TM,60,1529,0.453,320,248,128,48,38,0,40,109
Nicolas Batum,LAC,3,54,0.375,8,7,5,3,4,12,1,5
Nicolas Batum,PHI,57,1475,0.456,312,241,123,45,34,9,39,104
Anthony Black,ORL,69,1164,0.466,316,139,91,35,21,11,56,110
Marcus Morris,2TM,49,817,0.439,316,134,36,15,13,0,30,74
Marcus Morris,PHI,37,637,0.439,247,109,26,13,11,9,19,61
Marcus Morris,CLE,12,180,0.441,69,25,10,2,2,12,11,13
Jae Crowder,MIL,50,1156,0.422,312,161,66,38,9,13,23,74
Goga Bitadze,ORL,62,957,0.603,311,286,79,32,72,11,44,107
Keon Ellis,SAC,57,978,0.461,310,124,85,51,29,7,37,112
Torrey Craig,CHI,53,1049,0.43,303,217,58,30,21,7,32,110
Jaxson Hayes,LAL,70,877,0.72,303,211,33,34,29,8,43,123
Bryce McGowens,CHO,59,882,0.439,302,102,51,21,10,0,30,74
Nick Smith Jr.,CHO,51,729,0.391,302,72,59,10,7,0,39,55
Joe Ingles,ORL,68,1169,0.436,296,142,203,43,5,11,67,88
Taylor Hendricks,UTA,40,856,0.45,292,185,32,28,30,4,27,77
Dean Wade,CLE,54,1108,0.414,291,218,43,40,25,12,20,93
Dāvis Bertāns,2TM,43,674,0.393,290,61,35,26,12,0,18,56
Dāvis Bertāns,OKC,15,91,0.385,44,10,9,3,3,15,1,10
Dāvis Bertāns,CHO,28,583,0.394,246,51,26,23,9,0,17,46
Killian Hayes,DET,42,1008,0.413,289,119,205,36,20,1,51,75
Marcus Smart,MEM,20,605,0.43,289,53,86,41,5,3,62,53
Craig Porter Jr.,CLE,51,649,0.509,285,109,118,21,15,12,45,40
Max Christie,LAL,67,944,0.427,284,142,60,20,17,8,35,57
Xavier Tillman Sr.,2TM,54,974,0.434,284,211,77,51,44,0,34,75
Xavier Tillman Sr.,MEM,34,700,0.408,204,157,57,42,35,3,29,60
Xavier Tillman Sr.,BOS,20,274,0.515,80,54,20,9,9,15,5,15
Bruno Fernando,ATL,45,682,0.583,282,193,46,25,28,6,44,107
Danilo Gallinari,3TM,49,630,0.437,280,108,55,14,6,0,23,50
Danilo Gallinari,WAS,26,385,0.435,181,76,31,6,3,2,12,26
Danilo Gallinari,DET,6,90,0.545,52,14,12,2,2,1,1,9
Danilo Gallinari,MIL,17,155,0.378,47,18,12,6,1,13,10,15
Josh Okogie,PHO,60,960,0.417,277,154,64,48,24,0,36,68
Jaylin Williams,OKC,69,897,0.417,276,234,110,28,27,15,34,98
Jock Landale,HOU,56,763,0.515,274,172,65,20,33,5,31,74
Lamar Stevens,2TM,38,559,0.45,272,127,28,23,22,0,24,45
Lamar Stevens,BOS,19,122,0.467,53,31,8,6,5,15,9,14
Lamar Stevens,MEM,19,437,0.446,219,96,20,17,17,3,15,31
Scotty Pippen Jr.,MEM,21,527,0.493,271,67,98,36,10,3,56,60
Blake Wesley,SAS,61,876,0.474,268,94,166,29,9,2,55,89
Jae'Sean Tate,HOU,65,1031,0.472,265,197,64,42,15,5,37,137
Cam Reddish,LAL,48,984,0.389,260,99,48,47,14,8,31,64
Bones Hyland,LAC,37,540,0.386,256,55,93,26,4,12,44,51
Mo Bamba,PHI,57,740,0.49,253,238,41,22,60,9,39,101
Caleb Houstan,ORL,59,815,0.388,253,84,29,15,4,11,16,61
A.J. Green,MIL,56,614,0.423,252,64,30,9,4,13,12,49
Ben Sheppard,IND,57,814,0.393,252,89,53,33,2,10,15,88
Jared Butler,WAS,40,566,0.488,251,58,126,29,8,2,50,58
Troy Brown Jr.,2TM,59,827,0.372,247,144,60,24,3,0,30,42
Troy Brown Jr.,MIN,37,410,0.441,154,72,35,8,2,13,18,26
Troy Brown Jr.,DET,22,417,0.296,93,72,25,16,1,1,12,16
Mason Plumlee,LAC,46,674,0.569,244,234,55,14,17,12,36,68
Mark Williams,CHO,19,508,0.649,242,184,22,16,20,0,17,50
Brice Sensabaugh,UTA,32,584,0.39,241,102,55,13,6,4,47,43
Gary Payton II,GSW,44,680,0.563,240,113,48,39,18,6,27,77
John Konchar,MEM,55,1173,0.423,235,257,110,51,51,3,46,76
Justin Holiday,DEN,58,862,0.454,234,71,67,36,9,14,14,69
Chris Duarte,SAC,59,719,0.381,230,106,44,28,8,7,26,80
Julian Strawther,DEN,50,545,0.369,227,61,47,17,7,14,23,54
Ja Morant,MEM,9,318,0.471,226,50,73,7,5,3,27,19
Seth Curry,2TM,44,616,0.392,226,68,44,22,6,0,21,39
Seth Curry,DAL,36,457,0.372,154,52,30,17,3,11,16,32
Seth Curry,CHO,8,159,0.441,72,16,14,5,3,0,5,7
Sasha Vezenkov,SAC,42,511,0.44,225,96,19,20,7,7,12,42
KJ Martin,2TM,60,746,0.536,224,131,51,22,12,0,32,100
KJ Martin,LAC,2,31,0.4,10,3,1,2,1,12,2,3
KJ Martin,PHI,58,715,0.544,214,128,50,20,11,9,30,97
Bol Bol,PHO,43,469,0.616,223,137,17,10,25,0,19,42
Kevin Knox,DET,31,560,0.462,223,75,23,13,7,1,22,50
Omer Yurtseven,UTA,48,545,0.538,222,208,29,8,18,4,37,52
Evan Fournier,2TM,32,580,0.357,220,58,48,29,7,0,21,48
Evan Fournier,NYK,3,39,0.2,12,4,3,4,0,14,1,4
Evan Fournier,DET,29,541,0.373,208,54,45,25,7,1,20,44
Thomas Bryant,MIA,38,441,0.577,217,141,23,10,16,8,21,46
Shake Milton,3TM,48,581,0.405,216,75,60,19,6,0,31,54
Shake Milton,MIN,38,491,0.4,178,51,50,16,5,13,28,44
Shake Milton,DET,4,63,0.423,27,18,6,2,1,1,3,3
Shake Milton,NYK,6,27,0.444,11,6,4,1,0,14,0,7
Tari Eason,HOU,22,480,0.466,215,153,27,31,19,5,20,51
Jalen Wilson,BRK,43,664,0.425,214,131,45,11,4,0,19,48
MarJon Beauchamp,MIL,48,608,0.488,211,99,31,13,7,13,27,54
Cody Martin,CHO,28,753,0.381,211,109,104,32,18,0,44,48
Delon Wright,2TM,47,742,0.394,210,86,119,54,11,0,14,32
Delon Wright,WAS,33,456,0.393,134,59,82,35,8,2,11,22
Delon Wright,MIA,14,286,0.394,76,27,37,19,3,8,3,10
Dwight Powell,DAL,63,836,0.679,208,214,84,26,20,11,32,113
Eugene Omoruyi,WAS,43,393,0.485,207,85,35,27,5,2,21,62
Oshae Brissett,BOS,55,630,0.444,201,160,44,19,8,15,20,54
JT Thor,CHO,63,781,0.437,199,146,29,11,27,0,15,60
Richaun Holmes,2TM,40,555,0.558,199,182,25,11,19,0,24,74
Richaun Holmes,DAL,23,237,0.559,78,78,15,3,9,11,12,33
Richaun Holmes,WAS,17,318,0.557,121,104,10,8,10,2,12,41
Keita Bates-Diop,2TM,53,665,0.434,197,110,38,25,22,0,15,35
Keita Bates-Diop,PHO,39,597,0.427,174,101,34,22,20,0,13,33
Keita Bates-Diop,BRK,14,68,0.5,23,9,4,3,2,0,2,2
Jordan McLaughlin,MIN,56,626,0.483,195,72,110,35,7,13,19,31
Maxi Kleber,DAL,43,871,0.432,191,143,68,17,30,11,28,79
Derrick Rose,MEM,24,399,0.461,191,45,78,8,2,3,31,21
Sandro Mamukelashvili,SAS,46,451,0.471,190,147,49,7,12,2,19,35
Anthony Gill,WAS,50,466,0.469,189,94,34,13,11,2,23,48
Zeke Nnaji,DEN,58,576,0.463,186,126,32,15,38,14,27,81
JaVale McGee,SAC,46,339,0.598,185,126,17,14,20,7,34,46
Dalen Terry,CHI,59,681,0.439,180,113,81,27,18,7,32,81
Luka Šamanić,UTA,43,404,0.38,177,102,19,5,7,4,28,32
Bismack Biyombo,2TM,40,791,0.565,174,209,53,11,37,0,42,89
Bismack Biyombo,MEM,30,718,0.563,156,191,51,10,34,3,38,82
Bismack Biyombo,OKC,10,73,0.583,18,18,2,1,3,15,4,7
Ricky Council IV,PHI,32,289,0.482,173,46,16,8,1,9,5,17
Jacob Gilyard,2TM,41,699,0.4,173,46,137,33,5,0,30,39
Jacob Gilyard,MEM,37,654,0.417,173,43,131,27,5,3,29,35
Jacob Gilyard,BRK,4,45,0.0,0,3,6,6,0,0,1,4
Mitchell Robinson,NYK,31,768,0.575,173,263,18,37,35,14,25,55
Trey Jemison,2TM,25,573,0.551,171,134,27,12,28,0,34,69
Trey Jemison,MEM,23,572,0.551,171,133,27,12,28,3,33,69
Jalen McDaniels,TOR,50,538,0.344,169,79,37,19,6,4,30,52
Patrick Baldwin Jr.,WAS,38,493,0.381,168,123,29,18,15,2,19,56
Brandon Boston Jr.,LAC,32,345,0.404,167,52,13,11,8,12,24,40
Lester Quiñones,GSW,37,394,0.397,164,72,36,6,2,6,17,44
Monte Morris,2TM,33,476,0.405,164,57,69,19,9,0,7,14
Monte Morris,DET,6,68,0.364,27,12,8,1,1,1,2,1
Monte Morris,MIN,27,408,0.417,137,45,61,18,8,13,5,13
Jaden Springer,2TM,49,507,0.399,163,78,44,36,15,0,34,66
Jaden Springer,PHI,32,377,0.39,128,58,35,25,11,9,26,49
Jaden Springer,BOS,17,130,0.433,35,20,9,11,4,15,8,17
Svi Mykhailiuk,BOS,41,413,0.416,162,51,35,11,1,15,12,19
Tristan Thompson,CLE,49,549,0.608,161,174,51,12,14,12,29,59
Mike Muscala,3TM,53,600,0.359,157,125,36,9,13,0,22,52
Mike Muscala,WAS,24,338,0.367,95,75,22,5,7,2,16,31
Mike Muscala,DET,13,171,0.341,45,29,10,3,5,1,2,13
Mike Muscala,OKC,16,91,0.364,17,21,4,1,1,15,4,8
Rayan Rupert,POR,39,633,0.335,155,92,62,12,3,1,31,56
Skylar Mays,2TM,38,433,0.396,155,43,85,21,4,0,20,26
Skylar Mays,POR,21,356,0.384,133,37,75,14,3,1,18,20
Skylar Mays,LAL,17,77,0.476,22,6,10,7,1,8,2,6
Neemias Queta,BOS,28,333,0.644,154,122,20,13,21,15,13,50
Javon Freeman-Liberty,TOR,22,403,0.444,153,70,40,10,4,4,25,28
Johnny Davis,WAS,50,613,0.403,152,72,32,18,10,2,13,57
Nassir Little,PHO,45,458,0.46,152,75,21,10,10,0,14,39
Matt Ryan,NOP,28,390,0.434,152,40,18,6,1,9,19,32
Jarred Vanderbilt,LAL,29,581,0.518,150,138,36,36,5,8,28,43
Aleksej Pokusevski,2TM,28,405,0.405,146,89,35,15,13,0,19,22
Aleksej Pokusevski,OKC,10,60,0.25,12,10,5,1,1,15,3,5
Aleksej Pokusevski,CHO,18,345,0.429,134,79,30,14,12,0,16,17
Dominick Barlow,SAS,33,420,0.496,144,113,36,12,14,2,9,47
Danuel House Jr.,PHI,34,509,0.448,144,58,28,15,5,9,19,45
Johnny Juzang,UTA,20,372,0.464,144,36,23,4,2,4,13,29
DeAndre Jordan,DEN,36,396,0.624,142,157,26,6,16,14,23,56
Ish Smith,CHO,43,741,0.418,139,76,145,17,4,0,47,49
Lindy Waters III,OKC,38,280,0.471,137,40,24,5,7,15,7,23
Thaddeus Young,2TM,33,439,0.602,137,103,57,23,5,0,15,49
Thaddeus Young,TOR,23,350,0.621,114,75,50,18,3,4,11,38
Thaddeus Young,PHO,10,89,0.524,23,28,7,5,2,0,4,11
A.J. Lawson,DAL,42,311,0.446,136,50,20,10,3,11,14,22
Vit Krejci,ATL,22,541,0.49,135,52,50,13,6,6,20,48
Noah Clowney,BRK,23,370,0.538,133,81,18,8,16,0,15,25
Ousmane Dieng,OKC,33,365,0.422,133,51,37,8,5,15,19,22
Stanley Umude,DET,24,307,0.44,127,51,11,8,7,1,14,40
Robert Covington,2TM,29,488,0.439,127,97,24,39,18,0,11,56
Robert Covington,LAC,3,69,0.333,9,8,7,6,2,12,0,7
Robert Covington,PHI,26,419,0.449,118,89,17,33,16,9,11,49
Patty Mills,2TM,32,415,0.351,127,35,34,20,1,0,16,32
Patty Mills,ATL,19,202,0.373,51,20,14,9,1,6,8,17
Patty Mills,MIA,13,213,0.338,76,15,20,11,0,8,8,15
Andre Jackson Jr.,MIL,57,572,0.5,125,113,50,16,6,13,28,92
Olivier-Maxence Prosper,DAL,40,336,0.385,121,79,22,7,4,11,8,20
Alex Len,SAC,48,444,0.617,120,128,50,11,33,7,27,66
Jarace Walker,IND,33,340,0.409,120,63,40,15,11,10,17,29
Yuta Watanabe,2TM,34,464,0.353,117,54,15,12,7,0,19,39
Yuta Watanabe,PHO,29,382,0.361,104,45,10,9,7,0,16,34
Yuta Watanabe,MEM,5,82,0.316,13,9,5,3,0,3,3,5
Jontay Porter,TOR,26,360,0.385,115,82,60,20,20,4,21,35
Jeremiah Robinson-Earl,NOP,39,334,0.474,115,76,21,10,4,9,16,24
Devonte' Graham,SAS,23,313,0.352,114,36,49,9,2,2,17,14
Isaiah Livers,DET,23,469,0.345,114,48,25,13,5,1,16,43
Javonte Green,CHI,9,230,0.6,110,67,5,10,8,7,7,19
Wesley Matthews,ATL,36,413,0.351,110,53,23,16,11,6,8,43
Damian Jones,CLE,39,270,0.597,107,62,15,7,13,12,13,27
Chuma Okeke,ORL,47,432,0.357,107,80,20,9,7,11,16,19
Tosan Evbuomwan,2TM,17,367,0.507,101,60,16,6,5,0,9,23
Tosan Evbuomwan,MEM,4,74,0.267,10,14,6,0,1,3,1,5
Tosan Evbuomwan,DET,13,293,0.571,91,46,10,6,4,1,8,18
Luka Garza,MIN,25,122,0.48,99,31,4,4,1,13,6,24
Orlando Robinson,MIA,36,304,0.5,99,84,34,7,8,8,18,35
Jamal Cain,MIA,26,259,0.43,97,37,10,10,5,8,8,22
Reggie Bullock,HOU,44,417,0.415,96,73,15,12,5,5,10,29
Kenneth Lofton Jr.,3TM,21,199,0.462,96,38,33,6,5,0,14,24
Kenneth Lofton Jr.,MEM,15,99,0.378,39,15,14,3,3,3,6,15
Kenneth Lofton Jr.,PHI,2,9,0.167,2,3,0,0,0,9,2,0
Kenneth Lofton Jr.,UTA,4,91,0.6,55,20,19,3,2,4,6,9
Kessler Edwards,SAC,54,275,0.415,93,42,15,10,4,7,4,26
Ben Simmons,BRK,15,359,0.581,92,119,86,12,9,0,27,36
Jericho Sims,NYK,45,585,0.691,92,147,25,8,19,14,16,45
Kobe Brown,LAC,44,394,0.411,89,62,25,12,6,12,9,49
Justin Champagnie,WAS,15,235,0.41,89,53,19,10,9,2,10,14
Julian Phillips,CHI,40,323,0.416,89,36,13,7,7,7,10,40
Kira Lewis Jr.,3TM,28,265,0.37,89,26,37,9,2,0,14,13
Kira Lewis Jr.,NOP,15,144,0.308,44,14,18,5,1,9,8,8
Kira Lewis Jr.,UTA,12,119,0.45,45,12,19,4,1,4,6,4
Furkan Korkmaz,PHI,35,300,0.395,88,30,25,14,3,9,10,17
Garrett Temple,TOR,27,289,0.372,88,45,28,12,3,4,14,28
Collin Gillespie,DEN,24,225,0.464,87,21,27,13,0,14,14,24
Tristan Vukcevic,WAS,10,153,0.433,85,36,13,5,7,2,10,28
Trent Forrest,ATL,38,414,0.378,83,51,92,11,3,6,20,25
Jared Rhoden,DET,17,245,0.5,83,33,14,3,13,1,7,28
Gui Santos,GSW,23,192,0.509,82,49,14,4,2,6,7,23
Kobe Bufkin,ATL,17,196,0.37,81,33,27,7,5,6,10,20
Jaylen Nowell,2TM,13,214,0.436,81,24,19,4,2,0,7,15
Jaylen Nowell,MEM,9,156,0.4,51,14,16,3,0,3,5,13
Jaylen Nowell,DET,4,58,0.522,30,10,3,1,2,1,2,2
Onuralp Bitim,CHI,23,268,0.381,80,32,13,3,2,7,10,24
Ashton Hagans,POR,19,316,0.408,80,45,54,11,9,1,30,40
Cody Zeller,NOP,43,320,0.419,76,112,39,9,5,9,16,45
Moses Brown,POR,22,200,0.508,75,86,7,5,7,1,11,27
Jules Bernard,WAS,19,149,0.453,74,26,16,3,1,2,8,14
Saben Lee,PHO,24,185,0.364,71,31,30,7,3,0,8,13
Leaky Black,CHO,26,284,0.481,69,48,24,8,11,0,6,19
Brandon Clarke,MEM,6,134,0.559,68,32,9,5,6,3,3,8
Markieff Morris,DAL,26,216,0.338,66,39,16,5,3,11,12,12
Colby Jones,SAC,30,192,0.394,64,40,20,7,5,7,10,29
Charles Bassey,SAS,19,205,0.725,63,76,21,8,17,2,15,31
Cory Joseph,GSW,26,296,0.359,63,30,42,4,3,6,12,25
Jeenathan Williams,HOU,22,129,0.54,63,23,7,4,1,5,4,10
Justin Minaya,POR,34,381,0.297,61,56,21,9,10,1,9,35
Théo Maledon,2TM,17,213,0.286,59,24,28,7,0,0,18,21
Théo Maledon,CHO,13,200,0.288,54,23,28,7,0,0,15,18
Théo Maledon,PHO,4,13,0.25,5,1,0,0,0,0,3,3
Harry Giles,2TM,23,100,0.46,56,30,6,2,3,0,6,15
Harry Giles,BRK,16,81,0.5,54,26,6,1,3,0,6,15
Harry Giles,LAL,7,19,0.167,2,4,0,1,0,8,0,0
Brandon Williams,DAL,17,113,0.37,54,13,17,1,1,11,7,4
Micah Potter,UTA,16,186,0.475,53,43,6,4,6,4,5,14
Jeff Dowtin Jr.,PHI,12,142,0.556,52,20,27,7,1,9,5,1
Terquavion Smith,PHI,16,84,0.391,52,4,12,8,0,9,7,8
P.J. Tucker,2TM,31,486,0.36,52,85,16,16,7,0,8,54
P.J. Tucker,PHI,3,66,0.4,6,14,0,3,2,9,2,9
P.J. Tucker,LAC,28,420,0.356,46,71,16,13,5,12,6,45
James Bouknight,CHO,14,81,0.439,50,9,6,1,1,0,2,3
Josh Minott,MIN,32,91,0.472,50,17,8,5,5,13,2,10
Darius Bazley,2TM,9,152,0.6,48,28,7,6,7,0,8,3
Darius Bazley,PHI,3,10,0.0,0,1,2,0,0,9,1,0
Darius Bazley,UTA,6,142,0.621,48,27,5,6,7,4,7,3
AJ Griffin,ATL,20,171,0.29,48,18,5,1,2,6,8,6
Mãozinha Pereira,MEM,7,122,0.514,48,37,2,6,4,3,5,10
Jahmi'us Ramsey,TOR,7,121,0.439,47,22,8,7,0,4,7,10
Terry Taylor,CHI,31,188,0.513,46,37,10,5,2,7,7,17
Sidy Cissoko,SAS,12,141,0.485,45,22,10,7,3,2,3,18
Boban Marjanović,HOU,14,71,0.529,45,32,6,1,2,5,5,5
Ryan Rollins,2TM,13,78,0.519,44,13,14,10,3,0,8,8
Ryan Rollins,WAS,10,66,0.52,41,11,11,8,3,2,7,7
Ryan Rollins,MIL,3,12,0.5,3,2,3,2,0,13,1,1
DeJon Jarreau,MEM,9,150,0.34,43,44,26,6,2,3,9,14
Dylan Windler,3TM,17,108,0.5,43,16,10,2,0,0,2,6
Dylan Windler,NYK,3,7,0.5,3,1,1,0,0,14,0,1
Dylan Windler,LAL,8,28,0.444,12,3,6,0,0,8,0,2
Dylan Windler,ATL,6,73,0.526,28,12,3,2,0,6,2,3
Armoni Brooks,BRK,10,104,0.326,42,18,5,1,1,0,3,3
Jalen Pickett,DEN,27,122,0.429,42,14,21,4,0,14,9,13
Zavier Simpson,MEM,7,161,0.315,42,20,25,7,3,3,10,11
Cole Swider,MIA,18,87,0.395,42,7,5,1,1,8,8,4
Emoni Bates,CLE,15,133,0.306,41,14,10,1,2,12,8,5
T.J. Warren,MIN,11,125,0.439,41,22,9,4,1,13,4,11
Robert Williams,POR,6,119,0.654,41,38,5,7,7,1,7,17
Trevelin Queen,ORL,14,165,0.368,40,20,18,7,5,11,7,15
Joe Harris,DET,16,170,0.359,39,13,10,3,2,1,4,19
Otto Porter Jr.,TOR,15,174,0.424,39,29,8,5,5,4,2,19
Dru Smith,MIA,9,131,0.455,39,14,14,9,3,8,5,12
Marques Bolden,2TM,11,121,0.68,37,34,4,3,7,0,3,10
Marques Bolden,CHO,9,118,0.68,37,32,4,3,7,0,3,9
Adama Sanogo,CHI,9,66,0.519,36,36,0,1,0,7,5,5
Udoka Azubuike,PHO,16,113,0.696,35,32,3,1,6,0,4,17
Ibou Badji,POR,22,226,0.636,34,51,13,3,20,1,15,46
Buddy Boeheim,DET,10,84,0.31,34,10,3,0,1,1,0,5
Jalen Hood-Schifino,LAL,21,109,0.222,34,13,8,3,2,8,9,13
Olivier Sarr,OKC,15,98,0.579,34,36,2,0,7,15,3,18
Gabe Vincent,LAL,11,218,0.306,34,9,21,9,0,8,5,19
Taj Gibson,2TM,20,204,0.405,34,37,11,3,7,0,5,31
Taj Gibson,NYK,16,165,0.304,16,28,9,2,6,14,5,28
Taj Gibson,DET,4,39,0.571,18,9,2,1,1,1,0,3
Nate Hinton,HOU,15,75,0.423,33,22,10,3,2,5,3,11
Nathan Mensah,CHO,25,307,0.429,33,65,9,6,14,0,14,64
Xavier Moon,LAC,14,119,0.326,33,18,21,3,3,12,5,8
Thanasis Antetokounmpo,MIL,34,155,0.533,32,13,17,7,4,13,14,24
Matthew Hurt,MEM,8,113,0.353,32,16,4,3,3,3,2,8
Keon Johnson,BRK,5,61,0.381,31,7,3,3,1,0,5,5
Jerome Robinson,GSW,22,81,0.333,31,6,5,1,3,6,2,5
Moussa Diabaté,LAC,11,64,0.526,29,24,4,5,1,12,2,4
Jett Howard,ORL,18,67,0.333,29,7,6,2,2,11,3,4
Leonard Miller,MIN,17,52,0.65,29,20,8,2,1,13,1,5
Daishen Nix,MIN,15,50,0.375,27,3,6,5,0,13,5,2
David Duke Jr.,SAS,4,51,0.556,26,10,5,2,0,2,3,4
Mouhamadou Gueye,TOR,11,120,0.289,26,23,5,3,18,4,12,15
Chris Livingston,MIL,21,90,0.5,26,21,5,2,0,13,5,15
Admiral Schofield,ORL,23,84,0.385,26,17,7,1,0,11,5,9
Oscar Tshiebwe,IND,8,42,0.5,26,16,2,2,1,10,0,3
Colin Castleton,LAL,16,59,0.563,24,12,3,2,0,8,3,11
Mouhamed Gueye,ATL,6,73,0.348,24,22,4,5,4,6,1,13
Amari Bailey,CHO,10,65,0.333,23,9,7,3,0,0,4,2
RaiQuan Gray,SAS,3,39,0.588,23,7,6,1,1,2,1,0
Jay Huff,DEN,20,49,0.6,23,11,2,2,3,14,1,9
Isaiah Mobley,CLE,10,72,0.417,23,10,6,2,0,12,2,6
Ish Wainright,2TM,11,62,0.292,23,14,1,4,1,0,2,8
Ish Wainright,POR,7,46,0.333,20,9,0,2,1,1,1,4
Ish Wainright,PHO,4,16,0.167,3,5,1,2,0,0,1,4
Dexter Dennis,DAL,4,30,0.526,22,9,4,0,1,11,3,1
Braxton Key,DEN,20,60,0.412,22,18,9,2,1,14,1,5
Kendall Brown,IND,15,63,0.533,21,5,5,0,0,10,2,9
Jamaree Bouyea,2TM,9,95,0.357,21,19,11,1,0,0,9,10
Jamaree Bouyea,POR,6,57,0.238,10,10,8,0,0,1,8,3
Jamaree Bouyea,SAS,3,38,0.714,11,9,3,1,0,2,1,7
Jermaine Samuels,HOU,14,60,0.643,20,13,3,1,2,5,0,5
Kobi Simmons,TOR,4,67,0.429,20,7,12,6,2,4,1,5
Hunter Tyson,DEN,18,48,0.4,20,9,2,1,0,14,2,10
Malik Williams,TOR,7,107,0.265,19,38,2,3,4,4,3,15
Robin Lopez,MIL,16,65,0.368,18,5,4,1,3,13,2,7
Taze Moore,POR,4,40,0.421,18,8,5,2,0,1,3,4
Wendell Moore Jr.,MIN,25,75,0.5,18,12,6,5,1,13,4,5
Wenyen Gabriel,MEM,5,81,0.364,17,25,3,2,2,3,8,10
JD Davison,BOS,8,39,0.417,16,10,10,1,1,15,2,4
Greg Brown III,DAL,6,40,0.455,15,9,4,0,4,11,4,5
Jordan Walsh,BOS,9,83,0.4,15,20,5,5,1,15,3,11
Alex Fudge,2TM,6,40,0.4,15,5,0,3,0,0,2,2
Alex Fudge,LAL,4,14,0.167,4,2,0,0,0,8,1,1
Alex Fudge,DAL,2,26,0.556,11,3,0,3,0,11,1,1
D'Moi Hodge,LAL,7,41,0.333,14,0,5,1,1,8,1,4
DaQuan Jeffries,NYK,17,46,0.353,14,5,5,0,1,14,3,2
Seth Lundy,ATL,9,52,0.235,14,7,0,0,0,6,1,6
Dereon Seabron,NOP,6,55,0.308,14,7,5,2,1,9,0,4
TyTy Washington Jr.,MIL,11,56,0.3,14,5,5,3,0,13,2,1
Timmy Allen,MEM,5,125,0.261,13,17,5,4,0,3,2,18
Jordan Miller,LAC,8,28,0.556,13,5,0,0,0,12,1,2
Jacob Toppin,NYK,9,38,0.556,13,7,3,0,1,14,1,3
Mamadi Diakite,2TM,6,24,0.667,12,4,2,1,1,0,1,2
Mamadi Diakite,SAS,3,16,0.8,12,3,2,0,1,2,0,1
Mamadi Diakite,NYK,3,8,0.0,0,1,0,1,0,14,1,1
Jordan Ford,SAC,6,22,0.571,12,2,2,0,0,7,1,0
Jason Preston,UTA,7,71,0.316,12,17,16,2,1,4,2,3
D.J. Carton,TOR,4,36,0.375,11,4,3,1,0,4,1,3
Henri Drell,CHI,4,30,0.4,11,4,4,2,1,7,2,6
Keyontae Johnson,OKC,9,66,0.313,11,10,4,1,0,15,4,5
Maxwell Lewis,LAL,34,103,0.19,11,4,6,2,1,8,10,5
Drew Peterson,BOS,3,23,0.667,11,1,1,2,0,15,1,1
R.J. Hampton,MIA,8,76,0.286,10,6,8,0,0,8,3,8
D.J. Wilson,PHI,2,15,0.667,10,2,2,0,2,9,0,1
James Johnson,IND,9,47,0.3,8,4,8,5,1,10,5,9
Jalen Slawson,SAC,12,37,0.667,8,7,2,1,1,7,2,8
Isaiah Thomas,PHO,6,19,0.3,8,0,3,0,0,0,0,0
Mason Jones,SAC,5,28,0.25,7,5,5,1,0,7,2,3
Juan Toscano-Anderson,SAC,11,53,0.25,7,14,4,1,1,7,2,11
Charlie Brown Jr.,NYK,8,37,0.2,6,2,0,0,2,14,2,5
Jack White,MEM,4,64,0.125,6,12,1,4,1,3,2,3
Lindell Wigginton,MIL,3,8,0.4,6,0,0,0,0,13,1,1
Frank Ntilikina,CHO,5,43,0.111,5,6,4,0,0,0,1,4
Alondes Williams,MIA,7,16,0.25,5,1,0,0,1,8,2,2
Izaiah Brockington,NOP,1,3,0.4,4,2,0,0,0,9,0,0
Kevon Harris,ORL,2,6,0.667,4,2,1,0,0,11,1,3
Ty Jerome,CLE,2,15,0.5,4,1,3,0,0,12,1,2
E.J. Liddell,NOP,8,23,0.167,4,5,1,2,2,9,2,2
Pat Spencer,GSW,6,26,0.5,4,4,5,0,0,6,1,1
Adam Flagler,OKC,2,14,0.143,3,0,4,0,0,15,0,0
Usman Garuba,GSW,6,18,0.167,3,7,1,1,3,6,2,2
Dariq Whitehead,BRK,2,24,0.2,3,4,3,0,1,0,0,0
Pete Nance,CLE,8,27,0.167,3,3,0,1,0,12,1,2
Filip Petrušev,2TM,3,10,0.5,3,1,0,0,0,0,0,1
Filip Petrušev,SAC,2,7,0.5,3,0,0,0,0,7,0,1
Hamidou Diallo,WAS,2,5,0.5,2,2,1,2,0,2,1,1
Shaquille Harrison,MEM,3,6,0.5,2,2,0,0,1,3,0,0
Quenton Jackson,IND,3,11,0.0,2,4,2,1,0,10,0,1
Markquis Nowell,TOR,1,4,0.0,2,2,2,1,0,4,0,0
Joshua Primo,LAC,2,10,0.333,2,1,0,0,1,12,4,0
Isaiah Wong,IND,1,4,0.333,2,0,0,0,0,10,0,0
Ryan Arcidiacono,NYK,20,45,0.0,0,8,4,2,0,14,2,5
Jalen Crutcher,NOP,1,3,0.0,0,0,0,0,0,9,0,0
Andrew Funk,CHI,5,13,0.0,0,0,0,1,1,7,0,0
Kaiser Gates,NOP,1,7,0.0,0,1,0,0,0,9,0,0
Danny Green,PHI,2,18,0.0,0,2,1,1,0,9,0,1
Dmytro Skapintsev,NYK,2,2,0.0,0,0,0,0,0,14,0,0
